code,name,address,latitude,longitude,is_active
550,"BODEGA PRINCIPAL BOGOTA","AUT MEDELLIN KM 3.5 CENTRO EMPRESARIAL METROPOLITANO",4.64005040,-74.12459530,1
3005,"GASTOS ADMINISTRATIVOS NUEVA EPS .","CENTRO EMPRESARIAL EL DORADO CRA 98 N 25G - 10",4.68658690,-74.12816460,1
3054,"DISPENSARIO 3054","CALLE  8 # 6 - 20",4.73374800000000000,-74.26234300000000000,1
3057,"DISPENSARIO 3057 - FOMAG","TRANSVERSAL 85 # 64B - 30",4.68423600000000000,-74.11077600000000000,1
3079,"DISPENSARIO 3079 - FOMAG","CALLE 65 # 6 - 15",4.64769872143428750,-74.05672073389825000,1
3080,"DISPENSARIO 3080","AVENIDA CARRERA 9 # 103 - 96",4.68711700000000000,-74.04482300000000000,1
3191,"Dispensario No 3191 - Soacha (E-10079)","CARRERA 1 No.38  89 LOCAL 101 CENTRO COMERCIAL VENTURA TERREROS",4.57728500,-74.15585830,1
3204,"DISPENSARIO 3204 - BOGOTA (COMPENSAR)","Av. 68 # 45-36",4.65604798647656100,-74.10115838607747000,1
3205,"DISPENSARIO 3205 - BOGOTA (COMPENSAR)","Cra. 99 #18-40",4.67345220648662300,-74.14363588171933000,1
3209,"DISPENSARIO 3209 - BOGOTA (COMPENSAR)","Cl. 64g # 90A-52",4.68946539995509200,-74.11537727056057000,1
3211,"DISPENSARIO 3211 - BOGOTA (ECOPETROL NIZA)","Carrera 58 # 127 - 59",4.71241913923999900,-74.07158311855645000,1
3212,"DISPENSARIO 3212 - SAN MARTIN (ECOPETROL)","CENTRO COMERCIAL SAN MARTIN",4.61894961998337100,-74.06792238191255000,1
3213,"DISPENSARIO 3213 - CHAPINERO (ECOPETROL)","Calle 47 # 13 - 35",4.63441950688998400,-74.06677785239643000,1
3214,"DISPENSARIO 3214 - PAZ CLARO (ECOPETROL))","carrera 68 C No. 22 B-71",4.65128404085388600,-74.11180002219479000,1
3215,"DISPENSARIO 3215 - SANTA FE (ECOPETROL)","Calle 119 A # 7 -50",4.69667946918552700,-74.03227950127378000,1
3216,"DISPENSARIO 3216 - CARDIO INFANTIL (ECOPETROL)","Calle 161 # 16A - 17",4.73968095899487300,-74.03912334629024000,1
3217,"DISPENSARIO 3217 - COUNTRY (ECOPETROL)","Carrera 15 # 84 - 72",4.66980538074182900,-74.05524178749204000,1
3219,"DISPENSARIO 3219 - CHIA (ECOPETROL)","Centro comercial Plaza Mayor",4.86559306739074400,-74.03989611855607000,1
3227,"DISPENSARIOS 3227 - BOGOTA (COMPENSAR)","Calle 68C # 79 - 65",4.68530291995316400,-74.08083097807514000,1
3230,"DISPENSARIO 3230 - BOGOTA (COMPENSAR)","Cl. 17 #66-96",4.63982978786484600,-74.11540982040440000,1
7013,"ECONOMIA 7013 - CEDRITOS","Calle 151 # 18A - 37",4.73267800000000000,-74.04437600000000000,0
7014,"ECONOMIA 7014 - RINCON DEL CHICO 1","Avenida 9 # 103 - 96",4.68707400000000000,-74.04408600000000000,1
7017,"ECONOMIA 7017 - LA SALLE","Calle 65 # 6 - 15",4.64903600000000000,-74.05884200000000000,1
7019,"ECONOMIA 7019 - CHAPINERO","Calle 61 # 9 - 28",4.64686700000000000,-74.06202500000000000,1
7020,"ECO 7020 - DISP. 3054","Calle 8 # 6 - 20",4.73376000000000000,-74.26239500000000000,1
7027,"ECONOMIA 7027 - VILLA LUZ","Transversal 85 # 64B - 30",4.68399500000000000,-74.11087400000000000,1
8070,"ECONOMIA 8070 - CUCUTA (EDIF BANCO BOGOTA)","Calle 11 # 6 - 32",7.88570400000000000,-72.50510900000000000,1
8077,"ECONOMIA 8077 - AV  LAS AMERICAS","Carrera 82A # 6 -16",4.63778800000000000,-74.15434700000000000,1
9088,"ECONOMIA 9088 - CENTRO CCIAL PRIMAVERA","Calle 80 # 89A - 40 (Local 108)",4.70480700000000000,-74.10345900000000000,1
10038,"ECONOMIA 10038 - BOGOTA (BARRIO MARSELLA)","Carrera 69C # 6C - 26",4.63132000000000000,-74.12912900000000000,1
10051,"ECONOMIA 10051 - BOGOTA (BARRIO CARVAJAL)","Carrera 26 Sur # 71D - 77 (Local 105)",4.61687600000000000,-74.13802400000000000,1
10061,"ECONOMIA 10061 - HOSPITAL MILITAR","Carrera 7 # 46 -  87",4.63308900000000000,-74.06371000000000000,0
10079,"ECONOMIA 10079 - SOACHA (C CIAL VENTURA-TERREROS)","Carrera 1 # 38 - 89",4.58833900000000000,-74.19558300000000000,1
10115,"ECO 10115 - DISP. 3057","Calle 151 # 18A - 07",4.73264100000000000,-74.04419000000000000,1
10116,"ECONOMIA 10116 - EDS CALLE 80","Calle 80 # 68H - 39",4.68666300000000000,-74.08160400000000000,1
10213,"LA ECONOMIA DROGUERIA N 10213- BOGOTA (Cr 1094)","Carrera 15 # 94-06",4.68713810,-74.04410560,1
10215,"LA ECONOMIA DROGUERIA 10215 - FUNZA (VARIANTE AL LADO DE OXXO E ISIMO)","Carrera 9 No 8-51",4.72199640,-74.22948280,1
10217,"LA ECONOMIA DROGUERIA 10217 - BOGOTA (Cll14017A)","Calle 140 # 17 A - 39",4.70410400,-74.07069260,1
10242,"LA ECONOMIA DROGUERIA N 10242","KR 13 42 08 LC 102 (BOGOTA)",4.75338680,-74.14508530,1
10249,"LA ECONOMIA DROGUERIA N 10249 - BOGOTA (AV 68 AVIVAMIENTO)","Avenida Calle 17 No. 65 B  95 Local 101",4.66781780,-74.10420890,1
10250,"LA ECONOMIA DROGUERIA N 10250 - BOGOTA(COUNTRY)","KR 15 # 84 - 72 COUNTRY - BOGOTA",4.66979820,-74.05538830,1
10513,"DISPENSARIO 10513 (FFAA)","CALLE 80 # 38 - 00",4.67786600000000000,-74.07073800000000000,1
10514,"DISPENSARIO 10514 (FFAA)","CALLE 121 # 6-37",4.69743200000000000,-74.02989900000000000,1
10515,"DISPENSARIO 10515 (FFAA)","CARRERA 86 # 53B - 80 SUR",4.62337500000000000,-74.17954100000000000,1
10516,"DISPENSARIO 10516 (FFAA)","CARRERA 54 # 26 - 25 CAN",4.64427200000000000,-74.09534200000000000,1
10517,"DISPENSARIO 10517 (FFAA)","KM 3 VIA USME",4.54849900000000000,-74.12175100000000000,1
10518,"DISPENSARIO 10518 (FFAA)","CALLE 106 # 7-35",4.68466300000000000,-74.03531200000000000,1
10519,"DISPENSARIO 10519 (FFAA)","CARRERA 58 # 9 - 67 PUENTE ARANDA",4.62868300000000000,-74.11414600000000000,1
10520,"DISPENSARIO 10520 (FFAA)","CARRERA 18 # 143 - 39 BARRIO CONTADOR",4.72492700000000000,-74.04447600000000000,1
10521,"DISPENSARIO 10521 (FFAA)","CARRERA 58 # 9 - 67",4.62868300000000000,-74.11414600000000000,1
10522,"DISPENSARIO 10522 (FFAA)","TRANSVERSAL 3 # 49 - 02",4.63507500000000000,-74.06196000000000000,1
10526,"DISPENSARIO 10526 - FACATATIVA (FF.MM)","Batallon de comunicaciones Callle 5 # 15 - 00",4.82071015979812940,-74.34722480414725000,1
10531,"DISPENSARIO 10531 (FFAA)","CARRERA 5 # 2 - 92 SUR BARRIO LA VIRGEN",4.72727600000000000,-74.27076700000000000,1
10533,"DISPENSARIO 10533 (FFAA)","KM1 VÍA MELGAR BOGOTÁ, BASE AÉREA LUIS F. PINTO  CACOM 4",4.21475700000000000,-74.63490900000000000,1
10550,"DISPENSARIO 10550 (FFAA)","KM 1 VÍA BOGOTÁ - SOCORRO",6.46442200000000000,-73.26513800000000000,1
10570,"DISPENSARIO 10570","CALLE 151 #18A -37",4.73267397261696200,-74.04413710000000000,1
10571,"DISPENSARIO 10571","CRA 82A # 6 - 16 LOC 32 CC CIAL TABAKU DE LAS AMERICAS",4.63870129145355800,-74.15464321000000000,1
10572,"DISPENSARIO 10572","CALLE 80 # 89A - 40 CENTRO CCIAL PRIMAVERA LOCAL 108",4.70484451736293700,-74.10344305000000000,1
10573,"DISPENSARIO 10573","CARRERA 69C # 6C - 26 (BARRIO MARSELLA)",4.63123026902834600,-74.12909900000000000,1
10574,"DISPENSARIO 10574","AC 26 SUR # 71D - 77 LOCAL 105",4.63121933900000000,-74.12910651000000000,1
10583,"UNIDOSIS (CEDIS INSTITUCIONAL COTA)","Autopista medellín Km 3.5 Cent. Emp. Metropolitano Bod 53-54",4.68096280,-74.06470990,1
11006,"LOCAL POR NEGOCIAR ESMERALDA","kr 57 # 44 -22",4.64672002000000000,-74.09299088000000000,1
11007,"LOCAL POR NEGOCIAR NORTE","Calle 116  No 70D-06",4.69913669000000000,-74.07416890000000000,1
11008,"LOCAL POR NEGOCIAR BOSA","Cll 49 sur # 93d -07",4.63874590000000000,-74.18199123000000000,1
11009,"LOCAL POR NEGOCIAR KENNEDY BANDERAS","CALLE 41 No 78B -28",4.61903966000000000,-74.15636740000000000,1
11010,"LOCAL POR NEGOCIAR KENNEDY SUR (BOMBEROS)","CALLE 41D No 78N-05",4.62032312000000000,-74.15946414000000000,1
11011,"LOCAL POR NEGOCIAR SAN ANTONIO SUR","CRA 13A No 2 - 75 sur",4.59360895000000000,-74.08690123000000000,1
11022,"LOCAL POR NEGOCIAR CHIA","kr 11#1591",4.86458069000000000,-74.05924927000000000,1
14006,"BODEGA CEDIS URBANO 560 PUENTE ARANDA","Carrera 53 No 13 - 68 Puente Aranda Bogotá",4.62916800,-74.10830620,1
326823,"UNIDAD MEDICA SANTA ISABEL DE HUNGRIA","CLL. 41 A SUR # 51 A - 60",4.59616700,-74.13090550,1
1000009,"POLICIA BG. EDGAR YESID DUARTE VALERO (DENTRO) - BOGOTA","Carrera 68b Bis # 44 - 58 Edificio BG. Edgar Yesid Duarte Valero Torre 8",4.65639700000000000,-74.10441000000000000,1
1000010,"POLICIA CHAPINERO - BOGOTA (FORMULA)","Calle 67 # 13 - 18",4.65398200000000000,-74.06311200000000000,1
1000011,"POLICIA ESMERALDA - BOGOTA","Carrera 59 # 26 -21 CAN",4.64787741000000000,-74.09739285000000000,1
1000012,"POLICIA VENECIA SUR - BOGOTA (FORMULA)","Avenida 27 Sur #  44 - 01 Muzú",4.58524889000000000,-74.11034652000000000,1
1000013,"POLICIA NORTE - BOGOTA (FORMULA)","Carrera 70D # 116 - 12",4.69923200000000000,-74.07392100000000000,1
1000014,"POLICIA BOSA - BOGOTA (FORMULA)","Calle 65 Sur # 77N - 23",4.60071200000000000,-74.18158600000000000,1
1000015,"POLICIA CESPO (DENTRO) - BOGOTA (FORMULA)","Avenida Boyacá # 142A - 55",4.73102700000000000,-74.06853100000000000,1
1000016,"POLICIA ENGATIVA - BOGOTA (FORMULA)","Carrera 78 # 70 - 58",4.68954000000000000,-74.10275000000000000,1
1000017,"POLICIA HOCEN (DENTRO) - BOGOTA (FORMULA)","Carrera 59 # 26 - 21 CAN",4.64828961000000000,-74.09502378000000000,1
1000018,"POLICIA HOCEN ISLAS DE CIRUGIA (DENTRO) - BOGOTA","Carrera 59 # 26 - 21 CAN",4.64681700000000000,-74.09767700000000000,1
1000019,"POLICIA KENNEDY BANDERAS - BOGOTA (FORMULA)","Carrera 78k # 5b - 06 Barrio Mandalay",4.62984700000000000,-74.14796300000000000,1
1000020,"POLICIA KENNEDY BOMBEROS - BOGOTA (FORMULA)","Calle 41D # 78N - 05 Sur",4.61978400000000000,-74.15901100000000000,1
1000021,"POLICIA SAN ANTONIO SUR - BOGOTA (FORMULA)","Avenida Caracas # 2 - 67 Sur",4.59003759000000000,-74.09113519000000000,1
1000022,"POLICIA CLINICA DEL SUR AMBULATORIA (DENTRO) - BOGOTA","Calle 51 sur # 90 - 07 bosa porvenir",4.63390413000000000,-74.18291199000000000,1
1000023,"POLICIA CLINICA DEL SUR HOSPITALARIA (DENTRO) - BOGOTA","Calle 51 sur # 90 - 07 bosa porvenir",4.63413138000000000,-74.18302733000000000,1
1000024,"POLICIA CLINICA DEL SUR SALAS DE CIRUGIA (DENTRO) - BOGOTA","Calle 51 sur # 90 - 07 bosa porvenir",4.63391750000000000,-74.18311048000000000,1
1000048,"POLICIA CHIA - CHIA (FORMULA)","Carrera 12 # 16 - 05 Chía Centro",4.86511800000000000,-74.05983300000000000,1
1000052,"POLICIA SIBATE (DENTRO) - SIBATE (FORMULA)","Kilometro 20 Sibate",4.48498619000000000,-74.25925757000000000,1
1000053,"POLICIA SOACHA - SOACHA (FORMULA)","Carrera 6 # 14 - 64 Centro",4.58103479000000000,-74.21758532000000000,1
3096478,"DROGUERIA RINCON DE LOS ANGELES S S .","DG 7A BIS C N 76 - 23",4.63611220,-74.14276300,1
3159372,"DROGUERIA DOSIS PLUS.","CL 63 F N0 73 - 36 LC 2 EL ENCANTO",4.68463250,-74.11066440,1
3193063,"DROGUERIA MAXI ECONOMICA","CRA 86F N 37 - 24 SUR LC1",4.63603760,-74.16358120,1
4049078,"DROGAS ANDIGERRS .","CRA. 18 A BIS # 60 G - 40 SUR B.MEISSEN",4.56058140,-74.13952660,1
4507131,"DROGUERIA BOJACA .","CRA. 5 # 6 - 71",4.73348500,-74.34081500,1
5658617,"DROGUERIA SALUD Y PRECIOS","CL 71 A SUR N0 81 I - 04",4.61229070,-74.19484390,1
5711996,"DROGUERIA FARMISALUD MCM .","DG 146 N0 128-57",4.75715230,-74.08337620,1
5712234,"DROGUERIA NUTRI SALUD .","AC 132 N0 94F - 04 ESQ. LA ESPERANZA DE SUBA",4.73895140,-74.09435510,1
5712235,"DROGUERIA BENAVIDES MIRANDA .","CLL. 70 SUR  # 14 D - 87",4.52237340,-74.12035800,1
6013770,"DROGUERIA VILLA VALLE","CR 16 D N0 19 A - 08 SUR VILLA ITALIA",4.57862330,-74.24001830,1
7308925,"DROGUERIA SUDAMERICK .","TRANSVERSAL 86B N0 61 A - 12 SUR",4.61241500,-74.20790170,1
11254058,"DROGUERIA THALIANA TT","TV 5 G BIS SUR N0 48 I - 20",4.56944670,-74.12367500,1
11312798,"DROGUERIA CMH","CR 86 N0 38 D - 64 SUR PATIO BONITO",4.63337170,-74.16430670,1
11335679,"DROGUERIA SOLIMAN","AK 24 N0 63 - 03",4.64777980,-74.07394260,1
11433822,"DROGUERIA S.O.S PUNTO PLUS FACA .","CR 14 A N0 4 D - 21 BRR EL BOSQUE",4.71288320,-74.21281080,1
12138632,"DROGUERIA LA FAENA .","CRA. 121 # 69 - 42 LA FAENA ENGATIVA",4.71614070,-74.13796860,1
13302001,"DISPENSARIO HOCEN 13302001 - BOGOTA  (PONAL)","CARRERA 59 # 26 - 21 CAN",4.64775965909849400,-74.09757597000000000,1
13302003,"FARMACIA PONAL No13302003 CLINICA DEL SUR HOSPITALARACIA - BOGOTA","Calle 51 sur 07 No. 90 Bosa Porvenir",4.63403110,-74.18374600,1
13302006,"DISPENSARIO 13302006 - BOGOTA YESID DUARTE (PONAL)","CARRERA 68B BIS # 44 - 58 ED EDGAR YESID",4.65672131092839300,-74.10406765000000000,1
13302007,"DISPENSARIO 13302007 - BOGOTA CESPO (PONAL)","AVENIDA BOYACA # 142A - 55",4.73100047134084600,-74.06836246000000000,1
13302008,"DISPENSARIO 13302008 - BOGOTA CLINICA SUR (PONAL)","Calle 51 Sur #90 - 7",4.63413719876699800,-74.18364577372982000,1
13302009,"DISPENSARIO 13302009 - BOGOTA (PONAL)","Km 20 vía Sibate, Escuela Gonzalo Jimenez de Quesada",4.50420643000000000,-74.24890126000000000,1
13302014,"DISPENSARIO 13302014 - BOGOTA ESMERALDA (PONAL)","CARRERA 59 # 26 - 21 CAN",4.64811732282222940,-74.09748950000000000,1
13302015,"DISPENSARIO13302015 - BOGOTA KENNEDY BANDERAS (PONAL)","Calle 5C # 78H - 12 BARRIO MANDALAY",4.63016869000000000,-74.14766948000000000,1
13302022,"DISPENSARIO 13302022 - KENNEDY SUR BOGOTA (PONAL)","Calle 41C SUR #79A - 78 KENNEDY",4.62118537000000000,-74.15977449000000000,1
13302023,"DISPENSARIO 13302023 - BOGOTA BOSA (PONAL)","Calle 65J SUR #77J -49",4.59839376000000000,-74.18685394000000000,1
13302037,"DISPENSARIO 13302037 - BOGOTA SOACHA (PONAL)","CALLE 14 # 9 - 25 SOACHA",4.58413382000000000,-74.21890407000000000,1
13302039,"DISPENSARIO 13302039 - BOGOTA NORTE (PONAL)","CALLE 128B # 58B - 53",4.71668105547700800,-74.07134454000000000,1
13302040,"DISPENSARIO 13302040 - BOGOTA SAN ANTONIO SUR (PONAL)","CALLE 4S # 15A - 22",4.59053456000000000,-74.09387632000000000,1
13302048,"DISPENSARIO 13302048 - BOGOTA VENECIA SUR (PONAL)","Diagonal 45B SUR # 52A - 28 BARRIO VENECIA",4.59385397000000000,-74.13601180000000000,1
13302049,"FARMACIA PONAL No13302049 - CHIA","CARRERA 9 # 16 - 34",4.86477700,-74.05740430,1
13302052,"DISPENSARIO 13302052 - BOGOTA (ENGATIVA)","Carrera 80 # 69A - 81",4.68998277000000000,-74.10369259000000000,1
13302054,"DISPENSARIO 13302054 - CHAPINERO BOGOTA (PONAL)","Carrera 11 # 66 - 55",4.65252448732871900,-74.06173734607070000,1
13616945,"DROGUERIA BOSQUES DEL SUR .","TRAN 7 # 82 - 60 SUR ESTE",4.62627340,-74.10795950,1
13959278,"DROGUERIA SARILUD .","CL 90A N 93-74",4.70468540,-74.10367030,1
15302004,"FARMACIA PONAL No15302004 MÁLAGA","Carrera 9 # 14 - 19 Centro",4.69666170,-74.03229990,1
17290988,"PROFARMACED J.P.R. .","CR 53 B SUR N0 46-06",4.59442670,-74.14033000,1
19126732,"FARMA COMUNITARIA 80 DROGUERIA .","CL 80 N0 85 - 06",4.70264180,-74.10001770,1
19139481,"DROGUERIA SURAMERICA .","CR 16 N 22-02",4.61153500,-74.07621500,1
19143402,"DROGUERIA INVICTA .","CR 68 F # 21 - 94 SUR",4.61193250,-74.13051700,1
19169518,"DROGUERIA Y PERFUMERIA VICTORIA .","CRA. 70 F # 74 C - 05 BARRIO BONANZA",4.68465950,-74.11487740,1
19198043,"DROGUERIA PROYECCION 2021","TV 18 I N0 67 A - 60 SUR",4.55094090,-74.14599180,1
19284465,"DROGAS SUR ORIENTE .","CR 5 N 48 R - 07 SUR",4.54952880,-74.10878270,1
19300920,"DROGUERIA EMMANUEL SIGLO XXI","CR 12 N0 17 A - 30 BRR CENTRO",4.78684310,-74.33345920,1
19325697,"DROGAS SKANDIA","CL 44 SUR N0 20 - 70",4.57645800,-74.12381510,1
19336211,"DROGAS SURTIFARMA D T .","CR 5 N 48R - 24 SUR",4.54939830,-74.10896500,1
19358315,"DROGUERIA CAFAMILIAR NO. 3 .","CRA. 68 D # 38 C - 04 SUR ALQUERIA",4.60289000,-74.13675500,1
19369439,"DROGUERIA FAMES SALUD .","CR 4 N0 12 B - 63",4.59883830,-74.07138170,1
19373376,"DROGUERIA DIPALD","CR 75 N0 24 B - 58 MODELIA",4.66728830,-74.11857670,1
19394132,"DROGUERIA MEDICAL LA LUZ .","CL 131 N 102A - 10",4.73249370,-74.09082190,1
19426027,"DROGUERIA OROS","TV 49 ESTE N0 36 A - 03 BELLA VISTA CIUDAD SUCRE",4.56346940,-74.18543330,1
19438446,"DROGUERIA MEDICAL . PRO .","CR 119 N0 76A-34",4.72053500,-74.13071950,1
20572562,"DROGUERIA YUMBO REBAJAS .","CRA. 97 # 133 B - 14 SUBA LA CHUCUA",4.74399460,-74.08438790,1
20590589,"DROGUERIA YOLI CRUZ","CL 30A N0 6F-21 ESTE SOACHA LC 1",4.57986500,-74.20119830,1
20688247,"DROGUERIA DROCOLFAR","CR 79 G N0 58 L - 04 SUR BOSA",4.62194340,-74.19287050,1
20743565,"MUNDO MEDIK .","CL 49 N0 9 - 65",4.63620700,-74.06546550,1
20837657,"DROGUERIA TAYRONA AYM .","CR 87D N0 54A-29 SUR",4.62619500,-74.18299000,1
20927486,"DROGUERIA ANTONIO GALAN","CR 78 F N0 58 P - 18 SUR ANTONIO GALAN",4.60492000,-74.17929670,1
22736242,"DROGUERIA LA GRAN ECONOMIA RH COM","CL 48 J SUR N0 5 F - 35",4.55707500,-74.11017330,1
23284409,"DROGUERIA CRISTO REY.","CL 3 N 7 - 06",4.86816720,-74.14350860,1
23622526,"SUPER DROGUERIA VILLACINDY  .","CL 138 N0 157 - 78",4.74764680,-74.10161060,1
24037996,"DROGUERIAS OFARMA","CR 2C N0 8-27",4.72381100,-74.21578960,1
24149945,"SANDRA MIREYA JOYA ALFONSO","CR 57 N0 162 A - 20",4.70639870,-74.08145850,1
24162839,"DROGUERIA FARMA ENCUENTRO R A","CR  99 N0 69 A - 81 LOCAL 8",4.69748870,-74.10876330,1
26670406,"TROPIDROGAS .","CL 27 SUR N0 26-23",4.58631220,-74.11121500,1
27109375,"DROGUERIA SUPER VIDA Y SALUD","CR 1 A N0 31 - 18",4.87829640,-74.04055390,1
27697058,"DROGAS FAMISUR F P  .","CL 4 SUR N 3 - 60 ESTE",4.57906510,-74.07729030,1
28798315,"PUENTES CARRASCO FRANCY LILIANA","CR 11 E N0 16 A - 02",4.71287720,-74.21280550,1
30981665,"DROGUERIA ALEX SUR .","CLL. 41 B # 13 B - 75 SUR ESTE MORALBA",4.54610470,-74.08283880,1
31906448,"DROGUERIA MARIBEL","CR 114 N0 151 - 62 CASA 162",4.74362000,-74.09302960,1
34993027,"DROGAS EL PRECIO","CR 16 N0 2-08",4.58420000,-74.10215670,1
36503549,"DROGUERIA TU SALUD MYW","CL 45 BIS SUR N0 80 G - 69",4.62236810,-74.16845660,1
37652678,"CAPITAL MEDIC JF .","CR 17 G N0 65 A - 80",4.55100480,-74.14577220,1
38204518,"DROGUERIA PERLAS 2000","TV 13 K N0 45 F - 75 SUR BRR MARCO FIDEL",4.57051160,-74.12512330,1
38229690,"DROGUERIA NUEVO DORADO","TV 60 N0 118 - 77 BRR NIZA",4.66945830,-74.12259170,1
38863376,"DROGAS COLFAMILIAR .","CLL. 56 # 4 - 12 DANUBIO AZUL",4.53956330,-74.11645330,1
39649328,"DROGUERIA SANTA HELENA NUMERO 1","CR 87 C N0 74 - 15 SAN BERNARDINO",4.61978690,-74.20045230,1
39669748,"FARMADROGAS LA 15","CL 15 N0 0-46 ESTE 305",4.58261170,-74.21179170,1
39721716,"TERREROS DROGUERIA","TV 11 N0 36 - 05",4.59012000,-74.20013170,1
39770314,"DROGUERIA MADRID FARMA LA","CR 8 N0 10 - 54 BRR ALCAPARROS",4.74144310,-74.25842840,1
39799876,"DROGUERIA SPLENDOR 35 .","CL 1F N0 35 - 55",4.60433330,-74.10846000,1
40329271,"BIOFARMA BLUE","DG 60 SUR N0 2 C - 05 DANUBIO AZUL",4.53748500,-74.11373500,1
41662030,"DROGUERIA FARMAKOL .","CR 124 N0 129-05",4.73457240,-74.10981150,1
41726485,"INVERMEDICA .","CL 63D N 71A-86",4.75188210,-74.14597910,1
41778477,"FARMAEXPERTOS 2","CR 18 B BIS A 73 - 21 SUR",4.54432850,-74.14416170,1
46662728,"DROGUERIA CENTER SALUD MF","CL 22 N0 81 B - 38",4.66341910,-74.12770540,1
50933291,"DROGUERIA C V N DESCUENTOS 2","DG 132 C N0 113 - 04 BRR VILLA MARIA",4.73457240,-74.10981150,1
51595564,SALVAVIDAS,"CL 124 N0 7 - 35 OFI 606 USAQUEN",4.70542170,-74.03142330,1
51662814,"SU FARMACIA AMIGA .","CR 73A N0 51A - 06",4.67322470,-74.11466050,1
51680778,"DROGUERIA LABOYANA","CL 8 SUR N0 40 - 33",4.60609670,-74.11551500,1
51683121,"DROGUERIA J FRANCISCO .","CRA. 90 # 81 - 23",4.71183500,-74.09970480,1
51693361,"DROGUERIAS PRESALUD","CR 74 N0 44-36 SUR",4.60289090,-74.14982250,1
51703444,"DROGUERIA JUAN PABLO NORTE .","CLL. 64 C # 110 D - 62 SAN ANTONIO",4.70248370,-74.13201020,1
51753610,"DROGUERIA DONDE KAMI .","CL 58A N0 49A-02 LC 1",4.58041110,-74.15168550,1
51755492,"DROGAS YADDY .","CLL. 87 # 95  - 08 BACHUE",4.70468540,-74.10367030,1
51768451,"DROGUERIA LUZERI .","CRA. 18 N BIS B # 67 B  - 18 SUR  JUAN PABLO II",4.55406220,-74.14663220,1
51792494,"DROGUISALUD C R","CL 57  SUR # 16  - 25 SUR SAN BENITO",4.62627340,-74.10795950,1
51821488,"DROGUERIA EL SHADDAI A.M .","DG 52 SUR N0 27 - 01 EL CARMEN",4.58069830,-74.13435670,1
51878458,"DROGUERIAS DR ACOSTA .","CR 105 C N0 66 - 33",4.69939850,-74.12471010,1
51878524,"DROGUERIA SHEM-SALUD","CR 7 OESTE N0 30 C - 16",4.58556330,-74.21993830,1
51906657,"DROGAS SUPER SALUD MV .","TRANSV.34A BIS#40-53 SUR NUEVA VILLAMAYOR",4.59000630,-74.12569070,1
51907896,"FULLFARMA JS DROGUERIAS","CL 135 B N0 126 - 04 GAITANAS",4.74233840,-74.12484390,1
51934049,"HIPERDROGUERIA ALICE","CL 54 SUR N0 13A - 13",4.53740400,-74.11413220,1
51965621,"HIPER FARMA SALUD HA","CR 12 B SUR N0 53 - 84",4.56040500,-74.12665330,1
52015593,"FARMALYNE DROGUERIA","CR 82 B N0 52 A - 20 SUR",4.62341670,-74.17824500,1
52039683,"DROGUERIA MINIMARKET COOPFAMILIAR","CL 71 P SUR N0 27 K - 10",4.54924670,-74.16288670,1
52056535,"DROGUERIA ANDRUS","CL 127 D  N0 95 A - 07",4.72585320,-74.09227210,1
52089078,"DROGUERIA SUPER SALUD JL .","CRA. 109 A  # 64 - 57 VILLAS DEL DORADO",4.70086760,-74.12968490,1
52090505,"DROGUERIA PHARMANEXT.A","CL 139 N0 148 B - 10",4.74362000,-74.09302960,1
52102121,"DROGAS NUEVO MILENIO ENGATIVA .","CL 67 N0 115 A - 83 LINDERAMA ENGATIVA",4.71209840,-74.13669320,1
52120566,"DROGUERIA C Y M .","CL 64 SUR N0 22A - 28",4.56696170,-74.14669670,1
52130843,"DROGUERIA NUEVA REAL .","CL 71 I N 27 H - 09 SUR BRR EL PARAISO",4.55085830,-74.16138830,1
52190595,"DISTRIBUIDORA MAXXMEDIC .","CL 31 D N0 19 - 48 SUR",4.57885170,-74.11340670,1
52192995,"MEDISALITRE MB","CR 97 A BIS A N0 158 - 07 SUBA",4.75715230,-74.08337620,1
52225603,"DROGUERIA FARMAYOLI.HM","CR 13 N0 27 - 20 SUR BRR GUSTAVO RESTREPO",4.57929330,-74.12352830,1
52225816,"DROGUERIA NUEVA JERUSALEM .","CLL. 72 C # 48 - 10 SUR JERUSALEM",4.58785200,-74.16703870,1
52269327,"DROGUERIA MOECHI","CL 134 A N0 150 A - 04 SAN PABLO",4.74476310,-74.12046710,1
52336737,"PATYFARMA .","CLL. 69 # 93 - 04 LA FLORIDA",4.69558660,-74.11386920,1
52369996,"DROGAS JM LA 40 .","CLL. 40 # 20 - 35 SUR",4.57723330,-74.11985500,1
52412139,"AR DROGUERIAS ICATA .","CL 156 N0 8 F - 40 LC 2",4.68946790,-74.11544760,1
52412853,"DROGUERIA PHARMA EXPRESS PLUSS .","CR 2 A N0 25 C - 64",4.58293880,-74.20818660,1
52423877,"DROGUERIA LA 57","CL 57 A SUR N0 80 - 41 CLASS ROMA",4.61370500,-74.17643500,1
52444072,"DROGUERIA SERVI-SALUD LA 14 .","CL 13 N0 11-16",4.58556330,-74.21993830,1
52456511,"DROGUERIA PHARMA EVOLUTION","CRA 24 N0 32 SUR - 60 LOC 2",4.62627340,-74.10795950,1
52462191,"DROGUERIA SONIA","CR 26 N0 76 - 17 SUR",4.54107770,-74.15579980,1
52504318,"INSUMEDIC07 .","DIAG. 56 B SUR N0 81 J - 59 SUR",4.61835000,-74.18131830,1
52527636,"SERVIFARMA JLJ .","CL 42A BIS SUR N0 89C-94",4.62632170,-74.18284500,1
52546403,"DROGUERIA LA CAMILA J R","TV 40 N0 73 B - 89 SUR BRR ARBORIZADORA ALTA",4.56812170,-74.16497020,1
52550301,"DROGUERIA MAXSALUD BOGOTA","CR 106 A N0 70 B - 05",4.69481660,-74.11163070,1
52555926,"FARMASAN DROGUERIA SP","CL 70 A N0 90 B - 04",4.69604510,-74.11099280,1
52582009,"DROGUERIA EUROPHARMA 1 .","TV 92 BIS 129 C - 17",4.72585320,-74.09227210,1
52634730,"ORTOPEDIA FAMILY","CL 13 N0 9 - 46 BRR EUGENIO DIAZ",4.58429330,-74.21966360,1
52646907,"DROGUERIA HIPERMAXIMA","KR 80 P N0 82 B - 31 SUR",4.61241500,-74.20790170,1
52662076,"ELY PHARMA DROGUERIAS","CL 73 N0 109 A - 03",4.69573910,-74.10592420,1
52738791,"DROGUERIA JF VITANOVA","CL 48 I BIS A SUR N0 9 - 94",4.56090500,-74.11679670,1
52747261,"DROGUERIA SAMHI","CR 22 G N0 59 A SUR 23",4.56564750,-74.14337320,1
52751118,"TORRES PARRA AMANDA LUCIA","CR 15 B N0 4C - 40",4.59233500,-74.22347000,1
52753791,"DROGUERIAS Y PORVENIR VARGAS","CRA 2 B ESTE 18 A - 16 BRR PORVENIR CENTRO",4.76628880,-74.31203530,1
52765427,"FARMACIA MONTESION .","CL 56 N0 13 - 20 ESTE",4.61199910,-74.21689940,1
52787449,"DROGAS CAPITAL SD","CL 6 B N0 78 C - 60",4.63245000,-74.14888500,1
52792741,"DROGUERIA VALER FARMA","CL 11 N0 10 B - 59 BRR VILLA MARCELA",4.78477810,-74.33244420,1
52792758,"DROGUERIA SERVIMAX FAMILIAR .","CR 90 N 76A - 17 LC 2",4.69683100,-74.10541970,1
52801373,"DROGUERIA SAMARIA CHIA JJ","CR 5 ESTE N0 10-69 LOCAL 2",4.85302170,-74.04479410,1
52829745,"DROGUERIA SANLY","DG 51 A N0 60 F - 33",4.58886460,-74.14725650,1
52839320,"DROGUERIA YULIANA J M N0 1","CR 88 C N0 63 - 40 BOSA LA LIBERTAD",4.62511780,-74.19382100,1
52841424,"DROGUERIA NUEVO MUZU","DG 52 A SUR N0 60 - 38 NUEVO MUZU",4.58766630,-74.14512630,1
52882759,"DROGUERIA EXCELENCIA","CL 60 SUR N0 65 - 03 MADELERA",4.62965160,-74.06626630,1
52896793,"ACERO RODRIGUEZ GINA PAOLA","CL 69 N0 96-73",4.70519430,-74.22215120,1
52903199,"DROGUERIA FARMISANAR .","CL 127 D N0 93 D - 50",4.73284640,-74.09019280,1
52934479,"DROGUERIA SUPER EXITO EL JARDIN F","CR 80 K N0 83 - 72 SUR",4.61241500,-74.20790170,1
52968080,"DROGUERIA DACOSTA S R","CL 33 SUR N0 40 A - 23",4.59839750,-74.12300710,1
52971200,"DROGUERIA FARMA ACACIAS","CL 153 N0 108 - 08",4.75581070,-74.09420470,1
52987148,"DROGUERIA DR VITTO SALUD","CR 112 N0 64 D - 35",4.70490560,-74.13365890,1
53048889,"DROGAS CONFENAL .","CL 65 SUR N0 78B-17",4.60224340,-74.18243130,1
55159464,"DROGAS CIUDAD ROMA","CL 57 A N0 79 - 24 SUR",4.58253030,-74.09734660,1
59314418,"FARMA VILLAS L D .","CL 75 N0 112 F - 27",4.71420640,-74.12107160,1
60443948,"DROGUERIA Y VARIEDADES LA ESMERALDA","CR 8 C N0 181 - 90 SAN ANTONIO NORTE",4.75269670,-74.05640670,1
65496883,"DROGUERIA SURTISUR O.C. .","CL 63 A N0 76 D - 25 SUR",4.58773000,-74.17229830,1
65553382,"DROGUERIA FARMA VITAL 103","CR 103 A N0 78 C - 04 VILLAS DEL MADRIGAL",4.70248370,-74.13201020,1
65712728,"DROGUERIA FARMACORTES FUNZA .","CR 4 N0 15 - 13  CL 15 N0 4 - 04",4.72386240,-74.21583380,1
65798278,"DROGUERIA LA 46 J D","CL 27 SUR N0 10 D - 31 BOSQUE SAN CARLOS",4.58420000,-74.10215670,1
70695449,"MULTIVARIEDADES ZJ .","CL 15 N0 3 -41",4.58224560,-74.22439370,1
73539618,"DROGUERIA THE NEW MILLENIUM","CL 40 BIS N0 82 - 24 SUR",4.71110020,-74.12284890,1
74242052,"DROGUERIA HIPER FARMA","CL 75 C N0 105 F - 09",4.69630850,-74.10663310,1
74245871,"SUPER DROGUERIA LULU .","CR 9 ESTE N 36-75 CA 271",4.58162610,-74.19440080,1
74327679,"DROGUERIA JANUS .","CR 26 N0 32A-03 SUR",4.58440040,-74.11684770,1
74356714,"DROGUERIA VILLA ALCALA .","CRA. 104 # 13D  - 35 LC 1 FONTIBON",4.66902170,-74.15747330,1
77132856,"DROGUERIA SION D S","CR 45 C N0 69 J - 46 SUR MANUELA BELTRAN",4.57125350,-74.15970160,1
79134369,"DROGUERIA EL VECI","CL 128 C N0 95 A - 30 SUBA RINCON",4.72548310,-74.09566800,1
79148376,"DROGUERIA LOS HEROES","CR 19 D N0 61 A - 10 SUR SAN FRANCISCO",4.56239000,-74.14165500,1
79151736,"DROGUERIA LIZCAYO .","CLL. 130 F # 96 A - 06 BARRIO GLORIA LARA",4.72585320,-74.09227210,1
79247013,"DROGUERIA LOMBARDIA .","CR 111 N0 143A-28",4.74764680,-74.10161060,1
79307509,"DROGAS CHICALA .","CRA. 87 # 53 A - 09 SUR BOSA BRASILIA",4.61246130,-74.20785780,1
79311165,"DROGUERIA GUIFEL","CL 128 A N0 53 D - 31",4.67755350,-74.12968210,1
79329256,"DROGAS EL MANANTIAL .","TRAN 2 ESTE # 55 B - 54 DANUBIO AZUL",4.53740400,-74.11413220,1
79359245,"DROGUERIA NIRVANA DR","CL 22 N0 81 B - 38",4.66341000,-74.12766330,1
79452077,"DROGUERIA ASARELA V. A","DG 83 N0 81 A - 52",4.70385110,-74.09562300,1
79473271,"DROGUERIA Y PERFUMERIA SUPERIOR .","CL 57 N 15A-13",4.64439680,-74.06733670,1
79530478,"MEDICOS Y ENFERMEROS ROPA E IMPLEMENTOS PARA LA SALUD","CR 17 N0 14 A - 35 SUR BRR RESTREPO",4.58610220,-74.09911510,1
79537661,"DROGAS EL MIRADOR L R","CL 46 N0 3 C - 13",4.58734170,-74.19581830,1
79578467,"DROGUERIA CANDELARIA REAL","CR 4 N0 12 C - 34 LOCAL 1",4.59954830,-74.07078170,1
79593627,"DROGUERIA ANDREA NO UNO .","CRA. 12 ESTE N 31 A - 99 SAN MATEO",4.58556330,-74.21993830,1
79596069,"DROGUERIA GALENO .","CL 72 N0 50 - 60 12 OCTUBRE",4.66871710,-74.07456010,1
79748637,"DROGUERIA FARMANDRES","CR 93 A N0 49 F - 84 SUR",4.63463830,-74.18607500,1
79761722,"DENFER  .","CL 15 # 16 - 09 SUR RESTREPO",4.61170500,-74.07613000,1
79778174,"DROGUERIA LUATAM","DG 127 # 18 C - 47",4.71072310,-74.07533080,1
79848455,"DROGUERIA C P","CL 23 A N0 110 - 24",4.68590450,-74.14420560,1
79870386,"DROGUERIA FACMAR .","CL 129 B N0 95 - 61",4.74405710,-74.08360810,1
79943669,"NUESTRA DROGUERIA EL PROGRESO","CR 94 G N0 91 A - 16",4.70468540,-74.10367030,1
79973258,"DROGUERIA MEDIKA STORE .","CR 72 B N0 9 - 59 LC 102",4.64132000,-74.13632500,1
79979288,"DROGUERIA VIDA SANA DGJ .","CR 78C N 71F - 41 SUR",4.60372330,-74.19710170,1
80031416,"DROGUERIA MULTIFAMILIAR NIZA 1 .","CL 118 N 60-30 BRR NIZA",4.67496970,-74.12968490,1
80047841,"MEGA DROGUERIA LAS LOMAS","CR 10 A N0 39 - 10 SUR INTERIOR 1 PISO 1 BRR LAS LOMAS",4.56446950,-74.10823700,1
80052190,"DROGUERIA Y MINI MARKET SUPER EXITO EL JARDIN F P .","CR 49 D N0 68 F - 46 SUR",4.57787500,-74.15963150,1
80093932,"DROGUERIA FARMACTIVA DE SUBA .","CLL 143 N 128 - 02 IN 36 LC 101",4.74764680,-74.10161060,1
80127913,"DROGUERIA DASAYEIM","CR 18 I N0 69 A SUR - 40 CA 1 BELLAVISTA LUCERO ALTO",4.54809490,-74.14783680,1
80187585,"VITAPHARMA JAS","CR 21 N0 2 - 21 SUR MADRID",4.72718160,-74.27058600,1
80200476,"PRODUSALUD .","CL 119 N0 7-58",4.73139170,-74.04488000,1
80215345,"DROGUERIA DACOSTA","CR 34 B N0 37 - 06 SUR VILLA MAYOR",4.59130070,-74.12121380,1
80257294,"DROGUERIA FUENTE DE VIDA EYM","CL 49 B BIS SUR N0 5 Y - 66 EL MIRADOR",4.62627340,-74.10795950,1
80367701,"DROGUERIA SALUD VITAL BOGOTA .","CL 17 SUR N 8A-27",4.57737000,-74.09133830,1
80415729,"DROGUERIA ANGELOS .","CL 158 # 101 - 01 SUBA VILLA HERMOSA",4.75715230,-74.08337620,1
80425195,"DROGUERIA NUEVA ELECTRA .","CR 129 N 131A - 03",4.74043980,-74.11431500,1
80654690,"DROGUERIA PRODISMED","CR 12 A  N0 15-120 LC 4 COSTADO CLL 17",4.73488450,-74.27844090,1
80756182,"DROGUERIA EMMANUEL O.L. #3","CR 103 N0 73 SUR 51 CASA 200 VILLAS DE VIZCAYA 3",4.63562000,-74.20708170,1
80903001,"FARMA PLUS AP DE LA SABANA .","CL 5 N0 12 A - 03 BRR PLAMADAS",4.69301320,-74.18150040,1
80911892,"DROGUERIA FARMACEM","CR 96 A N0 128 F - 04 LOCAL 102 SAN CAYETANO",4.72585320,-74.09227210,1
82394857,"SURTIFARMA JCD .","CR 90 N 69A-88",4.69512760,-74.11041500,1
83044648,"EL PORVENIR DEL PARQUE JR","CR 93 C N0 54 G - 20 SUR BOSA PORVENIR",4.61241500,-74.20790170,1
87100224,"DROGUERIA SU ECONOMIA CH","CR 2 N0 4-07 LC 1 BRR SAN FRANCISCO",4.79033960,-74.33492240,1
91107366,"DROGAS PICO 7 .","CR 100 N0 16 I - 22",4.67232850,-74.14680560,1
91456165,"DROGAS FARMA PICO .","CR 103A N 16J - 52",4.67422680,-74.14713960,1
93295648,"DROGUERIA LA PERLA M. A .","CR 112 F N 72 C - 84 LOCAL 2 BRR VILLAS DE GRANADA",4.71470790,-74.12758020,1
93345668,"SANAR-PLUS 1","CR 75 B N0 62 - 04 SUR MARIA CANO",4.58773000,-74.17229830,1
98074086,"DROGUERIA FARMAJAT","CL 2 N0 1 A - 38 CARTAGENITA",4.72360050,-74.21590050,1
800042144,COIMPORMEDICA,"CR 13 N 46 50",4.63356870,-74.06609320,1
800064579,"MARKETING MEDICO LTDA.","CRA. 21 # 150 - 60",4.73235500,-74.04702630,1
800106774,"MERCADO ZAPATOCA S A","CR 60 N0 4 - 24",4.71079570,-74.11720500,1
800169327,"COMERCIALIZADORA DE EQUIPOS MEDICOS ECOMED SAS .","CR 24 # 45C-79 OF 201",4.63721320,-74.07459460,1
800231313,"DISTRIMEDICOS SAS .","CR 19 N0 70A - 22",4.65887960,-74.06526280,1
812004304,"CAMI S.A.S","CR 12 N0 12 A - 58 BRR BOGOTA",9.29048520,-75.41228220,1
830049630,"PRODUCTOS Y SUMINISTROS S.A.S. .","AUT MEDELLIN KM 7 COSTADO OCC. PAR. IND. CELTA TRADE PARK",4.73785810,-74.17928300,1
830067404,"IMEDIC S.A.S .","CR 17 SUR N0 16-60",4.58527160,-74.10001870,1
830068329,"DELTA QUIRURGICOS SAS","CL 74 BIS N0 78 - 58 P 1",4.69475900,-74.09560960,1
830083248,"FARMA MEDICAL LTDA","CL 133 N 94B-66",4.73345920,-74.08938870,1
830084368,"ALMACEN DE ELEMENTOS MEDICOS LTDA","CLL. 42 # 8 A - 19  PALERMO",4.63114770,-74.06664970,1
830085903,"DISTRIBUIDORA EL GANADERO SAS","DG 82 N0 76 A - 49 TISQUESUSA",4.70625060,-74.08231980,1
830099732,"DISTRIBUIDORA INGLESA SAS","HDA POTRERO CHICO L5A BG7A PQ EMP SN MIGUEL KM1.5 V.SIB COT",4.65338150,-74.10159460,1
830100713,"GARDI SUMINISTROS E.U .","CL 67 # 69D - 13 LA ESTRADA",4.67718560,-74.09317990,1
830119211,"VEYALTHI GROUP S.A.S. .","CALLE 51 # 72 A - 28 NORMANDIA II SECTOR",4.67018570,-74.10933590,1
860002541,"CLINICA DE MARLY S A","CL 50 N0 9 - 67",4.63440690,-74.06644500,1
860029216,"C Y A SAS","CR 27 N0 83-34",4.67156960,-74.06360940,1
860057406,"IMPLEMEDICA LTDA .","CRA. 18 # 39 A - 50 LA SOLEDAD",4.62833860,-74.07238150,1
860502262,"DISTRIBUIDORA INTERNACIONAL DE DROGAS SAS","CR 34 N0 6A - 73 PENSILVANIA",4.61177730,-74.10101350,1
900095091,"GEN MEDICAL S A S .","TRAN 70 C BIS # 77 - 33",4.67540430,-74.09329140,1
900153965,"DISTRIDENT MEDICO E U .","CR 13 N0 44-35 LC 6",4.63190810,-74.06657820,1
900174923,"PHARMATEK LTDA","CL 74 BIS N0 78 - 58 INT 1",4.69475900,-74.09560960,1
900197309,"PLENIPHARMA COMERCIALIZADORA LTDA","CL 139 N0 72 A - 60 OF 102 INT 4",4.73134800,-74.06990820,1
900236431,"COMERCIALIZADORA MEDIPLUSS LTDA","CR 7 # 29 - 34 OF 204",4.67709300,-74.08989920,1
900285194,"FARMACIA INSTITUCIONAL SAS","TRANSVERSAL 93 N 53-32 INT 9",4.75342150,-74.14517960,1
900306999,"COPIMEDICA SAS","CR 13 N0 43 A  - 40  LC 1",4.63108320,-74.06661260,1
900307619,"SALE PHARMA COLOMBIA SAS","DG 46 N0 76-39 TO 3 OF 903",4.67322470,-74.11466050,1
900321422,"HOYFARMA SAS .","CL 57 N0 80 - 86 OFICINA 302",4.68089370,-74.11187480,1
900335322,"CARMALIN REPRESENTACIONES S.A.S .","CR 24 67 71 INT 201",4.65861850,-74.06985090,1
900339236,"DROGUERIA HUNEMI .","CL 26 SUR # 78N-09",4.62872680,-74.15104260,1
900344871,"SOLUCIONES MEDICO HOSPITALARIAS S.A.S","CLL 45 C N0 23-21",4.63532560,-74.07352220,1
900367214,"HEALTH  CARE DISTRIBUCIONES SAS .","CL 69 A BIS N0 90-79 BRR FLORIDA",4.69630850,-74.10663310,1
900369262,"INVERSIONES GALVIS MARENCO S.A.S","CR 1 N 11-130 TO 1 OF 101",4.88091520,-74.03678810,1
900385927,"PROCOLPHAR SAS","CR 72 A N0 69 A - 45",4.75188210,-74.14597910,1
900494338,"DISTRIBUIDORA ALONSO S.A.S","CR 17 N 42 - 35",4.63108650,-74.07085000,1
900569383,"CONSULTSUPPLIES SAS","CL 45C BIS 23-08",4.63683060,-74.07479590,1
900569982,"DIAZ E HIJAS SAS","CR 21 N0 43 - 90 SUR",4.58342510,-74.09222470,1
900574807,"M  C SALUD SAS","CL 72 A N0 22-27",4.66278130,-74.06558310,1
900595327,"DISTRIMEDICA J C S.A.S .","CR 16A N0 30-68",4.61955150,-74.07267510,1
900633019,"INVERSIONES ARIAS H S.A.S","CR 54 N 67A - 25",4.66584370,-74.07924200,1
900635427,"INVERSIONES NIETO SUA SAS","CR 112 F N0 77 - 03",4.69630850,-74.10663310,1
900749729,"INSTRUAGROCOLOMBIA SAS","CL 173 A N0 62-32",4.68688670,-74.14238670,1
900753202,"LABORATORIOS MEGASURE S.A.S .","CL 24 F N0 85 C-16",4.67382330,-74.12240670,1
900774610,"SALUD SEGURA R Y L SAS","CR 49 N 30B - 46 BARRIO ARMENIA",4.62344590,-74.07826440,1
900782861,"JAGUAR PROYECTOS E INVERSIONES SAS","CL 98 N0 64 - 05 OF 201 LOS ANDES",4.68778650,-74.06928050,1
900817788,"CLINICA DE MARLY JORGE CAVELIER GAVIRIA SAS","AV PASEO DE LOS ZIPAS VDA BOJACA LT 20 Y 23",4.73650870,-74.08510950,1
900923437,"DROGUERIAS MARKET FHARMA DROGSTORE S.A.S .","CL 2 N0 3-38",4.71287720,-74.21280550,1
901041195,"DISTRIBUCIONES FARMA ASEO SAS","CL 11 N0 17 - 69",4.69933380,-74.02937650,1
901055221,"OVALLMEDICAL SAS","CR 101 C N0 141 - 83 PISO 1",4.74371150,-74.09303130,1
901086732,"DROGUERIA SANTAMARIA","CL 42 SUR N0 90  - 22 PATIO BONITO",4.63911670,-74.17069000,1
901098445,"REPRESENTACIONES  DISTRIBUCIONES COSMOPHARMA SAS .","CR 18 N0 11A - 16 INTERIOR 23 LOCAL 101-102",4.60501070,-74.08438230,1
901105844,"FARMATENCION SAS .","CL 151 N0 16-56 C.C CEDRITOS 151 LC 1091",4.72283170,-74.04479330,1
901139931,"COMERCIALIZADORA MEDICA CORMED SAS .","CL 68 N0 99-29",4.69784660,-74.12072010,1
901155410,"SUMIMEDICOS IC SAS","CL 65 N0 104 - 46 SUR",4.63896340,-74.20234020,1
901205929,"JCCANTILLO INVERSIONES SAS","CL 64 C N0 72 - 29",4.68471220,-74.11075020,1
901208895,"VIOLOGIK-PHARMA SAS","CL 23 N0 116 - 31 BG 11",4.61774060,-74.09345810,1
901228635,"KOALA FARMACEUTICOS SAS .","CL 76 B SUR N0 14- 47 INT 1",4.51184890,-74.11594380,1
901261261,"ZEGEN SUMINISTROS MEDICOS SAS","CL 173 N0 45 - 96",4.68534210,-74.11287080,1
901353942,"DROGUERIA SUPER IDEAL IH SAS","DG 69 N0 17 J - 27 SUR",4.55000000,-74.14157000,1
901384814,"DROGAS YAMILE","CR 52 A N0 36 - 09",4.60311830,-74.12997830,1
901416690,"S-TAMED SAS","CR 102 N0 154-31 TORRE 7 APT 402",4.75537140,-74.09003640,1
901469214,"DJ PHARMA DROGUERIA S.A.S","CR 12 N0 10 - 42",4.70745590,-74.22965530,1
901485322,"ALICS MEDICS INSUMOS MEDICOS SAS","CR 23 N0 53 A - 35 BRR GALERIAS",4.64221240,-74.07254660,1
901515179,"FJM INVERSIONES S.A.S","CL 37 SUR N0 52 A - 74",4.60357170,-74.13055500,1
901566136,"SONOMED INSUMOS SAS","CL 4 B N0 53 B - 57",4.60455500,-74.13012170,1
901580707,"JORGE S FARMA DROGUERIA SAS","CL 28 N0 12 - 37",4.72380880,-74.21578180,1
901636783,"DROFARMACOS SAS","CR 55 N0 70 B - 13 SAN FERNANDO",4.66885810,-74.07772110,1
901642105,"DISTRISABANA PZ SAS","CR 72 C BIS A SUR N0 55 - 78",4.63850170,-74.20103500,1
901653952,"OLAP SAS","CR 93 D N0 6 C - 38 CASA 159",4.61485510,-74.17451260,1
901656416,"INVERSIONES ARGLO SAS","CL 74 N0 2 - 86 LOS ROSALES",4.65508990,-74.05136080,1
901686784,"INSUMOS CLINICO VETERINARIOS SAS","CR 54 BIS N0 174 A - 50 CA 50",4.75414830,-74.05465330,1
901757568,"DROGUERIA PABLO SEXTO J.B SAS","CL 57 N0 57 A - 32",4.65193460,-74.08966490,1
901820773,"DROGUERIA VICTORIA RB SAS","CL 8 N0 11 - 158",4.61713170,-74.08518000,1
901839091,"DROGUERIA BIENSALUD SAS","CL 72 N0 27 A - 15 ALCAZARES",4.66451690,-74.06874940,1
901853629,"BOGA GROUP SAS","CL 22 A NO 97-22 BRR FONTIBON",4.67917660,-74.13911880,1
901874693,"HIPERFARMACIA BUENOS AIRES SAS.","CL 36 N0 44 - 60 ESTE",4.56330860,-74.18511050,1
901904368,"DISTRIBUIDORA VET HUMAN SAS","CL 130 C N0 123 - 90",4.75717620,-74.08751460,1
901912686,"KOLCAFAM SAS","CR 139 N0 138 - 24",4.74764680,-74.10161060,1
901914825,"FARMA MEDIC DG SAS","CL 76 A N0 87 A - 06",4.69683100,-74.10541970,1
901930771,"DROGUERIA FARMARECORT SAS","CL 174 A N0 45-41",4.75447900,-74.04598540,1
901930991,"DROGUERIAS LUZ VERDE CANELON SAS","CL 11 SUR N0 6-63",4.84161800,-74.05909620,1
901939443,"DINSUCOM SAS","CR 69 A N0 65 - 75",4.67540430,-74.09329140,1
901967012,"DROGUERIAS FARMASANTOS SAS","CL 69 A BIS N0 89 A - 42 LC 3",4.69683100,-74.10541970,1
901991512,"DROGUERIA SBC SAS","CL 7 A SUR N0 2 - 38 PISO 1",4.58420000,-74.10215670,1
902024664,"DROGUERIAS MEDIPLUS SAS","AV CALLE 125 D N0 104 D - 21",4.74233470,-74.12482300,1
1001272709,"DROGUERIA FARMALIFE PLUS","CL 71 G SUR N0 14 - 14",4.52012670,-74.11775500,1
1002525653,"DROGUERIA MINI MARKET DUART UNITED","CR 114 N0 152 D - 16",4.74764680,-74.10161060,1
1003517805,"DROGUERIA Y MINIMARKET DA ZOE","CL 14 N0 10-05",4.72360050,-74.21590050,1
1005604946,"DROGUERIA CENTRAL A.G","CR 25 N0 38-28 AP 2 BRR BOGOTA",9.29437020,-75.38324310,1
1005849219,"DROGUERIA VITALITY JAS","CRA 54 B N0 51 C - 33 SUR",4.58890780,-74.14318360,1
1010012092,"DROGUERIA EMANUEL DE LA 13","CL 42 N0 22 A - 14 SUR",4.57590170,-74.12337500,1
1010078453,"DROGUERIA ADN YSP","CR 73 B N0 10 - 04 BRR CASTILLA",4.64183550,-74.13802940,1
1010179652,"FARMASHLY 2 .","CR 90 N0 81 A - 15",4.71183500,-74.09970480,1
1010204670,"FARMASALUD EL PORTAL","TV 5 C N0 50 - 08 SUR",4.54719330,-74.11477670,1
1010236022,"DROGUERIAS MAS MS","CR 10 N0 53 - 104",4.59619830,-74.19591500,1
1010236171,"DROGAS M  M YO COPFAMILIAS","CL 40 SUR N0 78 A - 21",4.61922160,-74.15324490,1
1012329569,"DROGUERIA TOTAL SALUD PLUS","CR 13 N0 53 - 31 SUR",4.56271830,-74.12673000,1
1012403690,"DROGUERIA ECONOMY  PHARMA","CL 26 SUR N0 91 C - 07 CALANDAIMA",4.64585330,-74.16655000,1
1012475968,"DROGUERIA MARAPLUS","CR 21 N0 36 - 36 S",4.57824500,-74.11839170,1
1013585523,"SANCHEZ LOPEZ OLGA PATRICIA","CL 75 A  N0 106 - 15",4.71138710,-74.12634110,1
1013598761,"CASA DE LA BELLEZA EVOLUTION","TV 40 N0 74 A - 41 SUR",4.58675530,-74.14484850,1
1013608876,"DROGAS MUNDIAL J C","CR 6 ESTE N0 17 A - 02 SUR LOCAL 1",4.57200090,-74.08260050,1
1013627215,"DROGAS LA 17","CL 17 SUR N0 9 A - 62",4.57816330,-74.09237500,1
1013629488,"DROGAS SALUD SIGLO 21 N0 1","CR 73 N0 39 - 39 SUR",4.61456550,-74.14992730,1
1013630780,"DROGUERIA HOSPIFARMA L.L","AV CARACAS N0 00 - 08",4.60619390,-74.11595350,1
1013630941,"DROGUERIA EL TEJAR S","CR 52 A N0 24 - 69 SUR INT 37 MZ 21",4.60771400,-74.12641330,1
1014210516,"DROGUERIA ECOSALUDLA 83","CL 83 N0 95 A - 15",4.71183500,-74.09970480,1
1014229264,"NUEVA VIDA AS","CR 109 A N0 64 D - 29 VILLAS DEL DORADO",4.70159990,-74.12967000,1
1014231775,"DROGUERIA MONTENEGRO LA 111","CL 75 N0 111 - 03",4.71138710,-74.12634110,1
1015445230,"DROGUERIA UNIMARC","CR 68 F N0 68 A - 25",4.67685100,-74.08998700,1
1015995672,"SAN JOSE PHARMA","CL 68 N0 69 P - 13 BRR LA ESTRADA",4.75188210,-74.14597910,1
1016021846,"DROGUERIA FARMA HYPERION","CR 154 A BIS N0 132 A - 24",4.74233840,-74.12484390,1
1016048690,"DROGUERIA DE LA FERIA","CL 22 G N0 116-30",4.68804570,-74.14985080,1
1016054892,"DROGAS COMFAMILIAR Y SERVICIOS .","CR 99 N0 14 - 78",4.66578170,-74.15506000,1
1016084765,"DROGUERIA MATPHARMA","CL 63 B N0 120 A - 03 ENGATIVA MIRADOR",4.71299950,-74.12273590,1
1018409012,"DROGUERIA SABANA NORTE","VARIANTE VIA COTA SUBA EDS PRIMAX LOCAL 102",4.80243720,-74.09663790,1
1018430575,"DROGUERIA M C N.","CL 78 N0 112 D - 15 LOCAL 2",4.71848500,-74.12340210,1
1019033407,"HIPERDROGUERIA VAMA SALUD","CL 64 N0 123 - 11",4.69748870,-74.10876330,1
1019073801,"DROGUERIA PHARMA NOY","CL 81 N0 107 - 03 LOCAL 2 SUBA",4.71654620,-74.11511340,1
1019102056,TISSUVET,"CR 111 N0 135 - 06 VILLA MARIA",4.74049680,-74.10325430,1
1019136794,"DROGUERIA IDAFARMA","CL 130 B N0 91 - 19 SUBA RINCON",4.73450370,-74.09487170,1
1020734677,"COLMEDICAL SOLUTIONS","CL 183 N0 11 - 55 APTO 15  202",4.75302360,-74.05632780,1
1022340149,"DROGUERIA POLANIA","CR 12 ESTE N0 25 A - 04 PANORAMA",4.61153500,-74.07621500,1
1022353759,"SU REBAJA S B .","CL 54 N0 12 C - 32 SUR",4.56134830,-74.12716000,1
1022408066,"DROGUERIA MAILETH","CL 49 SUR N0 91 D - 65 LOCAL 2 BOSA PORVENIR",4.63488040,-74.17965570,1
1022933437,"DROGUERIA FARMA SALUD P C","CRA 9 A  N0 77 SUR - 03",4.51728170,-74.11765670,1
1022937243,"DROGUERIA VALBUENA","CL 78 C SUR N0 18 G - 04",4.53947830,-74.14717500,1
1022945791,"DROGUERIA PHARMASALUD D","TV 87 BIS A N0 58 C - 02 SUR",4.62285990,-74.18737700,1
1022945855,"DROGUERIA ZURYS 2","CL 75 A N0 8 D - 68 SUR",4.62627340,-74.10795950,1
1022964240,"DROGAS VENECIANA .","CL 52 F N0 31 - 05 SUR",4.58187840,-74.13771090,1
1023923339,"DROGUERIA ORIENTAL S S","CL 48 SUR N0 13 D 17 ESTE BRR LOS PINARES",4.53988970,-74.08379540,1
1023946088,"FARMA JJJ .","CR 11 B ESTE N0 46 - 20",4.54190240,-74.08727890,1
1023980997,"DROGUERIA AQUIFARMA.","CL 22 BIS SUR N0 9 D - 65 ESTE",4.56835500,-74.08403330,1
1024528253,"DROGUERIA HUMANITARIA CRISTO","TV 30 N0 52 B . 25 SUR",4.58348650,-74.13891250,1
1024533886,CONFIDROGAS,"CR 78 F BIS N0 46 A - 11 SUR",4.61330170,-74.16441830,1
1024546848,"DROGUERIA FARMAEXPERTOS","CL 71 PSUR N0 27 B - 96 BRR PARAISO",4.54869750,-74.16144900,1
1026264174,"DROGUERIA LA PRINCIPAL DEL DORADO .","CR 110 N0 65B-86",4.70248370,-74.13201020,1
1026307518,"HIPERDROGUERIA ESMERALDA","CR 78 N0 57 I - 12 SUR",4.62194340,-74.19287050,1
1030577295,"DROGUERIA LOS PINOS T Y G 2","CR 90 N 6A - 47 CA 41",4.65014330,-74.15726170,1
1030664471,"DROGUERIA BIENVENIDOS.","CL 33 SUR N0 87 H - 18",4.64007840,-74.16274780,1
1030676554,"DROGUERIA Y PERFUMERIA CARVAJAL C.T. .","CL 34 N0 70 B - 19 SUR",4.61318250,-74.13796940,1
1031136062,"SALUD HOSPITALARIA","AVENIDA CARRERA 14 N0 48 - 77",4.63627560,-74.06723570,1
1031136813,"DROGUERIA IRIS FAMILY","DIAG 68 A SUR N0 14 Q - 10",4.52489330,-74.12175170,1
1031137327,"FARMA KT","CL 71 P N0 27 G - 24 SUR",4.54888560,-74.16189350,1
1031800382,NICFARMA.,"CL 66 A N0 83-04",4.68993070,-74.10937400,1
1032386837,"DROGUERIA GRACIELITA .","CR 9 N0 81 - 35 SUR",4.50891170,-74.11250670,1
1032393983,"HIPER FARMA PREMIUM TODO EN DROGUERIAS","CL 141 N0 100 A - 08 LC 103",4.75713500,-74.08734960,1
1032395632,"FARMASAN DROGUERIA","CL 2 B N0 56 - 10 BRR GALAN",4.61865270,-74.12076600,1
1032414993,"DROGUERIA FARMA VIMADI","CR 41 N0 2 F - 27",4.61269700,-74.11295320,1
1032441561,"OXYPHARMA HG","CR 139 N0 142 D - 25",4.74971030,-74.11341660,1
1033678702,"PAEZ SUAREZ JEFERSON .","CL 8C 92 72 LT 1 SM 5 CA 337 BRR CIUDAD TINTAL",4.65620490,-74.15569430,1
1033680939,"DROGUERIA SHALIN.A","CL 43 SUR N0 12 F - 08 MARCO FIDEL SUAREZ",4.56816500,-74.11596440,1
1033723803,"DROGUERIA GUIPHARMA","CR 10 N0 49 F - 09 SUR",4.62627340,-74.10795950,1
1033761300,"DROGUERIA PARAISO","CL 71 P N0 27 J - 02 SUR BRR PARAISO",4.54920910,-74.16259940,1
1049616770,"DROGUERIA HIPERPHARMA M.A.C","DIAG 2 N0 9-27 BRR EL TREBOL VDA PUENTE PIEDRA",4.81988670,-74.22497270,1
1049636306,"DROGUERIA S  L FARMA","CRA 17 N0 9 H - 03",4.72815170,-74.26454170,1
1050397911,"FARMACOL JM","CR 112 A N0 72 F - 20",4.71115920,-74.12292190,1
1053331912,"DROGUERIA BOTIFARMA JC","TV 77 N0 47 - 17",4.67431850,-74.11320250,1
1053340817,"DROGUERIA BEKIR","CL 58 A SUR N0 48 C - 10",4.58786510,-74.16698680,1
1054253079,"DROGUERIA PA SERVIRLE N0 1","CR 79 G N0 14 - 04",4.65182330,-74.13579830,1
1069053350,"DROGUERIA Y PERFUMERIA LA ESMERALDA","CL 64 A N0 111 B-04",4.70316310,-74.13445610,1
1069259720,"FARMA CM","CL 44 N0 8 - 76",4.56680330,-74.12691670,1
1069717368,"DROGUERIA RENACER J S","CL 22 N0 2 - 61",4.58121330,-74.21141500,1
1070967315,"SUPER DROGUERIA CARTAGENITA","CR 1 SUR N0 3 - 91",4.72381410,-74.21578330,1
1070973371,"DROGUERIA LA FARMACIA","CL 8 N0 8 - 11",4.72366860,-74.21621110,1
1070977867,"SUPER DROGUERIA VILLA NUEVA","CL 8 N0 1 - 35 SUR BRR VILLA NUEVA",4.70584680,-74.22141450,1
1073233349,"TOBARIA SANDOVAL MARIA PAOLA","CR 116 B N0 70 A - 17",4.71431500,-74.13489280,1
1073508471,"DROGUERIA MEXIFARMA MADRID","CL 21 N0 2 D - 93 LOC 2",4.78684310,-74.33345920,1
1073685127,"DROGUERIA SUPERDESCUENTOS MINIMARKET.","CR 94 N0 87 - 33 SUR LOCAL 1",4.62406510,-74.21235130,1
1090455782,"DROGUERIA PUNTO SALUD NL","CR 19 F N0 70 M - 15 SUR",4.54622040,-74.15304610,1
1095835452,"DROGUERIAS TABORA.","CR 77 A N0 72 - 23",4.69134240,-74.09969190,1
1101752373,"DROGUERIA NISELEN","CL 69 N0 111 C - 64",4.69748870,-74.10876330,1
1101752690,"DROGUERIA DIA SALUD","CRA 92 N0 157 - 07",4.75630270,-74.07965290,1
1101755565,"PINZON GUIZA MARISOL","CR 111 N0 64 D - 06",4.70253040,-74.13408910,1
1101758157,"MAXIFARMA JP .","CR 92 N0 161 - 02",4.72585320,-74.09227210,1
1110547144,"DROGUERIA FAMY SALUD  T G","CL 4 N0 6 A - 108",4.58224560,-74.22439370,1
1121817969,"FARMAFAMILY MJ DROGUERIA","CL 70 N0 107 B - 24 LOCAL 2",4.70529400,-74.12453100,1
1122137975,"MEDICAL DISTRIBUCIONES LD","CL 79 A N0 106 - 16  GARCES NAVAS",4.69573910,-74.10592420,1
1127387622,"DROGUERIA EL MEJORAL","CALLE PRINCIPAL CORREG DE BARRANCOMINAS",4.68690140,-74.13298800,1
1144065424,"DROGUERIA FARMAMIA CENTRO INTER","CR 13 N0 33 - 01 LC 04",4.62071670,-74.06728700,1
1193495966,"DROGUERIAS ALPES JE","CR 26 N0 76 A - 04 SUR  ALPES",4.54920910,-74.16259940,1
1233492701,"DROGUERIA LOS PINOS T Y G","CL 7 N0 90 - 41 CA 104",4.64962420,-74.15738550,1
1233902715,"DROGUERIA KORBAN NM","CR 95 A N0 129 B - 83",4.73345920,-74.08938870,1
5176173701,"DROGAS SUPER ESPECIAL .","CR 90 N 68 A - 73",4.69387790,-74.11109180,1
82800242301,"DISTRIBUIDORA COLOMBIANA DE MEDICAMENTOS Y TECNOLOGIAS EN SALUD SAS - DISCOLMETS SAS","CR 12 N0 12 - 32 ALTICO",4.61776420,-74.09335510,1
83003967027,"ESCUELA LOGÍSTICA","BATALLÓN MANOSALVA,  K 1 VÍA PECUARITA, QUIBDÓ",4.57102220,-74.06878220,1
83003967028,"COMANDO     AÉREO DE       TRANSPORTE MILITAR","AEROPUERTO EL DORADO PUERTA 6 (BOGOTÁ)",4.70236040,-74.15149450,1
83003967054,"GRUPO  AÉREO  DEL ORIENTE","MARANDUA- VICHADA, SUBOFICIAL ENLACE AEROPUERTO EL DORADO PUERTA 6 (BOGOTÁ)",4.70262730,-74.15186700,1
83007248201,"PERFUMERIA COSMETICOS Y FARMACEUTICOS SAS","CL 17 N0 69 B - 20",4.69623830,-74.12139000,1
90056998201,"DIAZ E HIJAS SAS.","AK 86 N0 38 SUR 10  AP 100",4.56959430,-74.14539080,1
90126556804,"SYSTEMED FARMA  .","CR 71B N0 8 - 18 SUR",4.61666320,-74.13031370,1
90126556805,"SYSTEMED FARMA   .","CL 37 C SUR N0 72 I - 54",4.61447640,-74.14128340,1
90126556807,"SYSTEMED  FARMA.","CALLE 15 # 9 -56",4.71510480,-74.21332500,1
90126556809,"SYSTEMED  FARMA  .","CALLE 16 # 7- 41",4.58275850,-74.21678220,1
90126556811,"SYSTEMED  FARMA    .","CRA 2 ESTE #19A-24",4.86681070,-74.04334320,1
7701008009325,"CEDI MEDICAMENTOS REGIONAL BOGOTA","CRA 123 N 15A - 51 FONTIBON",4.70415900,-74.10398490,1
C09,"ISIMO EL CANAL - CUCUTA","Avn. canal Bogota # 12 AN-157 Y Av. 8 ESTE #12AN-154",7.89439379000000000,-72.50514087000000000,1
CE005,"ISIMO CEDROS - BOGOTA","Calle 144 # 18 a - 43",4.72578712000000000,-74.04559132000000000,1
CE007,"ISIMO SANTA TERESA - BOGOTA","Calle 166 # 8f - 85",4.74382029000000000,-74.02945388000000000,1
CE012,"ISIMO FLORIDA - BOGOTA","Calle 68 a # 87 - 44",4.69217800000000000,-74.10979000000000000,1
CE016,"ISIMO ZUAME - FUNZA","Carrera 6 # 24 - 55",4.71267933000000000,-74.19992690000000000,1
CE018,"ISIMO QUESADA - BOGOTA","Calle 52 # 15 - 69",4.63963462000000000,-74.06807871000000000,1
CE019,"ISIMO RIO NEGRO - BOGOTA","Calle 98 a # 60 - 93",4.68739800000000000,-74.06699807000000000,1
CE020,"ISIMO PUEBLO - LA CALERA","Calle  7 # 1 - 37",4.71966064000000000,-73.96695474000000000,1
CE023,"ISIMO LA VICTORIA - BOGOTA","Calle 40 sur # 3 c - 28 este - 16",4.55103400000000000,-74.09295000000000000,1
CE026,"ISIMO PATIO BONITO - BOGOTA","Av. Carrera 86 # 42 - 29 Sur",4.62902441000000000,-74.17034108000000000,1
CE052,"ISIMO ALTAMIRA - BOGOTA","Calle 42a sur # 12 - 20 este",4.54593913000000000,-74.08532055000000000,1
CE056,"ISIMO 20 DE JULIO - BOGOTA","Carrera 8 # 24 - 29  Sur",4.57215441000000000,-74.09524661000000000,1
CE057,"ISIMO RESTREPO - BOGOTA","Calle 16 Sur # 16 - 77",4.58545692000000000,-74.09937779000000000,1
CE061,"ISIMO SUBA HOSPITAL - BOGOTA","Avenida Calle 153 # 103B - 10",4.75398890000000000,-74.09112851000000000,1
CE074,"ISIMO OLAYA 2 - BOGOTA","Carrera 18C # 27 68 sur",4.58048257000000000,-74.10314284000000000,1
CE076,"ISIMO ESQUINA - SOACHA","carrera 6 # 9 04 diag 6 bis # 5a - 64 esquina",4.57960638000000000,-74.22180842000000000,1
CE077,"ISIMO CIUDAD JARDIN - BOGOTA","calle 128 b #58 b - 53  primer piso",4.71951440000000000,-74.06981724000000000,1
CE078,"ISIMO USME PUEBLO - BOGOTA","carrera 14 # 138 f 43 /49 sur",4.46824164000000000,-74.12836989000000000,1
CE084,"ISIMO CHUCUA - BOGOTA","carrera 72 g # 42 - 06 sur",4.60471038000000000,-74.14588717000000000,1
CE085,"ISIMO RESERVAS DEL PORVENIR - BOGOTA","carrera 93 d # 49 - 08 sur",4.63846619000000000,-74.18206905000000000,1
CE087,"ISIMO TUNJUELITO - BOGOTA","carrera 13 # 54 - 21 sur",4.56239968000000000,-74.12726016000000000,1
CE088,"ISIMO SAN JOAQUIN B - BOGOTA","Carrera 17 a # 76 a - 23 Sur",4.54116532000000000,-74.13785259000000000,1
CE090,"ISIMO ALPES - BOGOTA","Carrera 9 E # 36 f 41/45 sur",4.55395816000000000,-74.08488276000000000,1
CE092,"ISIMO MINUTO DE DIOS - BOGOTA","Transversal 76 # 81i - 60",4.70153957000000000,-74.09171986000000000,1
DIS3057,"DISPENSARIO 3057 - BOGOTA","Calle 151 # 18A - 37",4.68423600000000000,-74.11077600000000000,0
DIS3079,"DISPENSARIO 3079 - BOGOTA","CALLE 61 # 9-28",4.64691800000000000,-74.06191800000000000,0
DIS3080,"DISPENSARIO 3080 - BOGOTA","AVENIDA CARRERA 9 # 103 - 96",4.68711700000000000,-74.04482300000000000,0
DIS10513,"BATALLÓN A.S.P.C. NO. 19 ESCUELA MILITAR DE CADETES GR. JOSÉ MARÍA CÓRDOBA"" BOGOTA 10513""","CALLE 80 # 38 - 00",4.67786600000000000,-74.07073800000000000,1
DIS10514,"DISPENSARIO MÉDICO GILBERTO ECHEVERRY MEJÍA"" BOGOTA 10514""","CALLE 121 # 6-37",4.69743200000000000,-74.02989900000000000,1
DIS10515,"DISPENSARIO MÉDICO DEL SUROCCIDENTE BOGOTA 10515","CARRERA 86 # 53B - 80 SUR",4.62337500000000000,-74.17954100000000000,1
DIS10516,"CENTRO DE REHABILITACIÓN DEL EJÉRCITO BOGOTA 10516","CARRERA 54 # 26 - 25 CAN",4.64427200000000000,-74.09534200000000000,1
DIS10517,"BATALLÓN DE TRANSPORTES BATALLA DE TARAPACÁ DISPENSARIO CANTÓN SUR BOGOTA 10517","KM 3 VIA USME",4.54849900000000000,-74.12175100000000000,1
DIS10518,"BATALLÓN DE ASPC NO. 13 CACIQUE TISQUESUZA"". DISPENSARIO CANTÓN NORTE BOGOTA 10518""","CALLE 106 # 7-35",4.68466300000000000,-74.03531200000000000,1
DIS10519,"CENTRO DE MEDICINA NAVAL (ESM ARC - FAC) BOGOTA 10519","CARRERA 58 # 9 - 67 PUENTE ARANDA",4.62868300000000000,-74.11414600000000000,1
DIS10520,"CENTRO DE MEDICINA NAVAL (NORTE) BOGOTA 10520","CARRERA 18 # 143 - 39 BARRIO CONTADOR",4.72492700000000000,-74.04447600000000000,1
DIS10521,"DISPENSARIO 10521 (FFAA) BOGOTA 10521","CARRERA 58 # 9 - 67",4.62868300000000000,-74.11414600000000000,1
DIS10522,"FARMACIA AMBULATORIA HOSPITAL MILITAR CENTRAL BOGOTA 10522","TRANSVERSAL 3 # 49 - 02",4.63507500000000000,-74.06196000000000000,1
DIS10526,"BATALLÓN DE  COMUNICACIONES MANUEL MURILLO TORO Facatativa 10526","CLL 5 N° 15-00",4.82223094000000000,-74.34463647000000000,1
DIS10531,"COMANDO AÉREO DE MANTENIMIENTO MADRID 10531","CARRERA 5 # 2 - 92 SUR BARRIO LA VIRGEN",4.72727600000000000,-74.27076700000000000,1
DIS10533,"COMANDO AÉREO DE COMBATE NO.4 BASE AÉREA TC.LUIS F.PINTO MELGAR 10533","KM1 VÍA MELGAR BOGOTÁ, BASE AÉREA LUIS F. PINTO  CACOM 4",4.21475700000000000,-74.63490900000000000,1
DIS10550,"BATALLÓN ARTILLERÍA NO.5 CT JOSE ANTONIO GALÁN SOCORRO 10550","KM 1 VÍA BOGOTÁ - SOCORRO",6.46442200000000000,-73.26513800000000000,1
MEDI9,"MEDIPOL BG. EDGAR YESID DUARTE VALERO","Carrera 68 b Bis No. 44-58 Edificio BG. Edgar Yesid Duarte Valero Torre B",4.65544031000000000,-74.10174686000000000,1
MEDI10,"MEDIPOL CHAPINERO","CLL 67 # 14A -  46",4.65489873000000000,-74.06450673000000000,1
MEDI11,"MEDIPOL ESMERALDA","CARRERA 54 # 44-21",4.64549943000000000,-74.09199960000000000,1
MEDI12,"MEDIPOL SEDE SEGURIDAD SOCIAL","Calle 44 No.50-51 CAN",4.64265027000000000,-74.09115463000000000,1
MEDI13,"MEDIPOL VENECIA SUR","Avenida 27 Sur No.44-01 Muzú",4.58543793000000000,-74.11029797000000000,1
MEDI14,"MEDIPOL NORTE","AVENIDA CALLE 116 # 70D - 78",4.69904506000000000,-74.07481415000000000,1
MEDI15,"MEDIPOL BOSA","Calle 65j Sur #77k-24",4.59916761000000000,-74.18668139000000000,1
MEDI16,"MEDIPOL CESPO","Avenida Boyacá No. 142 A 55",4.73098620000000000,-74.06835102000000000,1
MEDI17,"MEDIPOL ENGATIVA","Carrera 78 No. 70-58",4.68955371000000000,-74.10291788000000000,1
MEDI18,"MEDIPOL HOCEN","Carrera 78 No 70-58 Carrera 59 No. 26-21 CAN",4.64720284000000000,-74.09808996000000000,1
MEDI19,"MEDIPOL KENNEDY BANDERAS","CALLE 5 C # 78H - 27",4.63023020000000000,-74.14776225000000000,1
MEDI20,"MEDIPOL KENNEDY SUR (BOMBEROS)","CALLE 41D # 78P - 28",4.62056372000000000,-74.15975550000000000,1
MEDI21,"MEDIPOL SAN ANTONIO SUR","CARRERA 12A # 3 - 45",4.58802368000000000,-74.09016063000000000,1
MEDI22,"MEDIPOL CLINICA DEL SUR ambulatoria","Calle 51 sur N° 90-07",4.63401909000000000,-74.18287444000000000,1
MEDI23,"MEDIPOL CLINICA DEL SUR hospitalaria","Calle 51 sur N° 90-07",4.63398701000000000,-74.18278593000000000,1
MEDI24,"MEDIPOL CLINICA DEL SUR salas de cirugía","Calle 51 sur N° 90-07",4.63390146000000000,-74.18278325000000000,1
MEDI47,"MEDIPOL CHIA","CALLE 15 # 12-20 CENTRO HISTORICO",4.86450942000000000,-74.06032265000000000,1
MEDI51,"MEDIPOL SIBATE","Kilómetro 20 Sibaté",4.48474398000000000,-74.25908088000000000,1
MEDI52,"MEDIPOL SOACHA","CARRERA 9a # 13A - 25",4.58386608000000000,-74.21895837000000000,1
